{
    "adam_beta1": 0.9,
    "adam_beta2": 0.999,
    "attention_size": 128,
    "attention_state_size": 256,
    "attention_type": "bah_mon",
    "batch_size": 32,
    "cleaners": "korean_cleaners",
    "dec_layer_num": 2,
    "dec_prenet_sizes": [
        256,
        128
    ],
    "dec_rnn_size": 256,
    "decay_learning_rate_mode": 0,
    "dropout_prob": 0.5,
    "embedding_size": 256,
    "enc_bank_channel_size": 128,
    "enc_bank_size": 16,
    "enc_highway_depth": 4,
    "enc_maxpool_width": 2,
    "enc_prenet_sizes": [
        256,
        128
    ],
    "enc_proj_sizes": [
        128,
        128
    ],
    "enc_proj_width": 3,
    "enc_rnn_size": 128,
    "frame_length_ms": 50,
    "frame_shift_ms": 12.5,
    "griffin_lim_iters": 60,
    "ignore_recognition_level": 0,
    "initial_data_greedy": true,
    "initial_learning_rate": 0.001,
    "initial_phase_step": 8000,
    "main_data": [
        ""
    ],
    "main_data_greedy_factor": 0,
    "max_iters": 200,
    "min_iters": 30,
    "min_level_db": -100,
    "min_tokens": 30,
    "model_type": "single",
    "num_freq": 1025,
    "num_mels": 80,
    "post_bank_channel_size": 128,
    "post_bank_size": 8,
    "post_highway_depth": 4,
    "post_maxpool_width": 2,
    "post_proj_sizes": [
        256,
        80
    ],
    "post_proj_width": 3,
    "post_rnn_size": 128,
    "power": 1.5,
    "preemphasis": 0.97,
    "prioritize_loss": false,
    "recognition_loss_coeff": 0.2,
    "reduction_factor": 5,
    "ref_level_db": 20,
    "sample_rate": 24000,
    "skip_inadequate": false,
    "speaker_embedding_size": 16,
    "use_fixed_test_inputs": false
}